﻿<?xml version="1.0"?>
<doc>
<assembly>
<name>
ChessGlobals
</name>
</assembly>
<members>
<member name="T:ChessGlobals.My.Resources.Resources">
<summary>
  A strongly-typed resource class, for looking up localized strings, etc.
</summary>
</member>
<member name="P:ChessGlobals.My.Resources.Resources.ResourceManager">
<summary>
  Returns the cached ResourceManager instance used by this class.
</summary>
</member>
<member name="P:ChessGlobals.My.Resources.Resources.Culture">
<summary>
  Overrides the current thread's CurrentUICulture property for all
  resource lookups using this strongly typed resource class.
</summary>
</member>
<member name="F:ChessGlobals.modMessages.MessageTexts">
 <summary>Array with Muitlingual Messages using %1, %2 and %3 to insert values</summary>
</member>
</members>
</doc>
