﻿<?xml version="1.0"?>
<doc>
<assembly>
<name>
ChessMaterials
</name>
</assembly>
<members>
<member name="T:ChessMaterials.My.Resources.Resources">
<summary>
  A strongly-typed resource class, for looking up localized strings, etc.
</summary>
</member>
<member name="P:ChessMaterials.My.Resources.Resources.ResourceManager">
<summary>
  Returns the cached ResourceManager instance used by this class.
</summary>
</member>
<member name="P:ChessMaterials.My.Resources.Resources.Culture">
<summary>
  Overrides the current thread's CurrentUICulture property for all
  resource lookups using this strongly typed resource class.
</summary>
</member>
<member name="M:ChessMaterials.King.InCheck(ChessGlobals.modChessColor.ChessColor,ChessMaterials.ChessBoard)">
 <summary>To Test if the KING is In Check
 Faster than getting all opponent moves and see if king is a target</summary>
</member>
</members>
</doc>
